DSM2 Run,Equation,rsquared,Mean Error,NMean Error,nmse,nrmse,nse,pbias,rsr,amp_err,phase_err,variable
Modeled,y=0.57x+127.67,0.9198638968479184,-392.9162873183722,-0.32226857503056217,504.7977405165817,0.6434542366002313,-0.2815423467162061,-32.226857503056166,0.5304900042279078,12.576855701418214,-30.984371828699004,EMM/EC
Modeled,y=0.76x+70.11,0.8481630928664812,-129.2095607515708,-0.1523637278270396,113.27842826056768,0.36548291253204396,-0.19365258776495647,-15.236372782703942,0.4399749645901604,24.4646441980582,-18.52215931276845,JER/EC
Modeled,y=0.51x+100.53,0.8743604477115866,-212.06210583449567,-0.33470950949001227,222.24208754971042,0.5922644217780587,-0.4118280383380357,-33.47095094900126,0.6416039016840025,6.802014014397109,-32.215187396027005,TSL/EC
Modeled,y=0.75x+79.31,0.8264474052054758,-111.32476381228366,-0.14884053729531413,88.11457781789954,0.3432326597372381,-0.22359856716899268,-14.884053729531377,0.4727641177263039,33.29610517557232,-26.698788115715402,DSJ/EC
Modeled,y=0.87x+131.95,0.9479343656959681,-397.77328162281026,-0.09632509628778244,252.40125104717038,0.24722801013643128,-0.06860777217790485,-9.632509628778257,0.26187740936693576,53.9610654355141,-36.867612793899596,CLL/EC
Modeled,y=0.95x+220.41,0.9016775769982113,90.42801810854141,0.03663651119212432,225.62626753265874,0.3023433204060897,-0.10213435284687807,3.6636511192124606,0.3195194751125807,48.26068100993421,-36.02153350774804,ANC/EC
